Wh  # Data in order of lines: Average scores team 0 for each cycle, Score team 1, winrate team 0, winrate team 1
# Hyperparameters: learningrate = 0.001; discountrate = 0.9; explorationrate = 0.3Opponent type: Previous iteration network as training opponent
#  Totals: Traningepochs=20000 Testingepochs=2000
# Network: Net(
#   (conn1): Linear(in_features=97, out_features=150, bias=True)
#   (conn5): Linear(in_features=150, out_features=32, bias=True)
# )
82.370000,84.135000,82.840000,81.902500,83.106000,81.980000,81.852857,81.930000,81.795556,81.669000,81.128182,81.350833,80.668462,80.999286,81.130667,81.149375,81.122941,81.016667,81.123158,81.048000,81.149524
79.630000,77.865000,79.160000,80.097500,78.894000,80.020000,80.147143,80.070000,80.204444,80.331000,80.871818,80.649167,81.331538,81.000714,80.869333,80.850625,80.877059,80.983333,80.876842,80.952000,80.850476
0.640000,0.550000,0.500000,0.560000,0.660000,0.540000,0.540000,0.560000,0.550000,0.600000,0.480000,0.570000,0.520000,0.600000,0.510000,0.620000,0.540000,0.480000,0.600000,0.520000,0.620000
0.360000,0.450000,0.500000,0.440000,0.340000,0.460000,0.460000,0.440000,0.450000,0.400000,0.520000,0.430000,0.480000,0.400000,0.490000,0.380000,0.460000,0.520000,0.400000,0.480000,0.380000
