# Data in order of lines: Average scores team 0 for each cycle, Score team 1, winrate team 0, winrate team 1
# Hyperparameters: learningrate = 0.01; discountrate = 0.9; explorationrate = 0.3
#  Totals: Traningepochs=100000 Testingepochs=1000
81.450000,83.915000,82.236667,82.277500,81.154000,81.806667,81.898571,81.125000,80.884444,80.683000,80.546364
80.550000,78.085000,79.763333,79.722500,80.846000,80.193333,80.101429,80.875000,81.115556,81.317000,81.453636
0.507500,0.518125,0.506250,0.505625,0.501000,0.503125,0.502857,0.500469,0.499861,0.498750,0.497159
0.492500,0.481875,0.493750,0.494375,0.499000,0.496875,0.497143,0.499531,0.500139,0.501250,0.502841
