# Data in order of lines: Average scores team 0 for each cycle, Score team 1, winrate team 0, winrate team 1
# Hyperparameters: learningrate = 0.005; discountrate = 0.9; explorationrate = 0.3Opponent type: Previous iteration network as training opponent
#  Totals: Traningepochs=300000 Testingepochs=3000
# Network: Net(
#   (conn1): Linear(in_features=97, out_features=150, bias=True)
#   (conn5): Linear(in_features=150, out_features=32, bias=True)
# )
# Comments:reward = +/-points + trick{+20+1; -20}
80.150000,80.630000,80.083333,79.705000,81.270000,81.323333,81.362857,80.922500,80.877778,80.866000,81.007273,81.171667,80.903077,81.314286,81.183333,81.303750,80.867059,81.053333,80.665263,80.291500,80.274762,80.361818,80.576957,80.554167,80.450400,80.502692,80.486296,80.430714,80.306897,80.356333,80.396452
81.850000,81.370000,81.916667,82.295000,80.730000,80.676667,80.637143,81.077500,81.122222,81.134000,80.992727,80.828333,81.096923,80.685714,80.816667,80.696250,81.132941,80.946667,81.334737,81.708500,81.725238,81.638182,81.423043,81.445833,81.549600,81.497308,81.513704,81.569286,81.693103,81.643667,81.603548
0.530000,0.460000,0.530000,0.550000,0.490000,0.450000,0.540000,0.490000,0.500000,0.510000,0.530000,0.540000,0.480000,0.570000,0.460000,0.470000,0.400000,0.580000,0.370000,0.460000,0.480000,0.500000,0.540000,0.550000,0.440000,0.510000,0.410000,0.480000,0.390000,0.510000,0.390000
0.470000,0.540000,0.470000,0.450000,0.510000,0.550000,0.460000,0.510000,0.500000,0.490000,0.470000,0.460000,0.520000,0.430000,0.540000,0.530000,0.600000,0.420000,0.630000,0.540000,0.520000,0.500000,0.460000,0.450000,0.560000,0.490000,0.590000,0.520000,0.610000,0.490000,0.610000
