# Data in order of lines: Average scores team 0 for each cycle, Score team 1, winrate team 0, winrate team 1
# Hyperparameters: learningrate = 0.001; discountrate = 0.9; explorationrate = 0.3Opponent type: Previous iteration network as training opponent
#  Totals: Traningepochs=75000 Testingepochs=3000
# Network: Net(
#   (conn1): Linear(in_features=97, out_features=150, bias=True)
#   (conn5): Linear(in_features=150, out_features=32, bias=True)
# )
85.820000,88.380000,84.296667,82.582500,82.236000,82.460000,82.444286,82.145000,82.894444,82.451000,82.340909,82.590000,82.489231,82.457143,82.050667,82.305000,82.333529,82.186667,82.091053,81.968000,81.842381,81.661364,81.478696,81.355417,81.415600,81.426154,81.548519,81.410000,81.380345,81.393000,81.510000
76.180000,73.620000,77.703333,79.417500,79.764000,79.540000,79.555714,79.855000,79.105556,79.549000,79.659091,79.410000,79.510769,79.542857,79.949333,79.695000,79.666471,79.813333,79.908947,80.032000,80.157619,80.338636,80.521304,80.644583,80.584400,80.573846,80.451481,80.590000,80.619655,80.607000,80.490000
0.540000,0.610000,0.390000,0.460000,0.460000,0.590000,0.560000,0.540000,0.600000,0.430000,0.490000,0.570000,0.580000,0.540000,0.480000,0.550000,0.510000,0.500000,0.500000,0.490000,0.470000,0.530000,0.420000,0.580000,0.470000,0.520000,0.520000,0.470000,0.450000,0.510000,0.540000
0.460000,0.390000,0.610000,0.540000,0.540000,0.410000,0.440000,0.460000,0.400000,0.570000,0.510000,0.430000,0.420000,0.460000,0.520000,0.450000,0.490000,0.500000,0.500000,0.510000,0.530000,0.470000,0.580000,0.420000,0.530000,0.480000,0.480000,0.530000,0.550000,0.490000,0.460000
